id;type_consentement;date_consentement;consentement_recherche;consentement_pdf;consentement_pdf_content_type;date_supprimer_consentement
1;DEMANDE;2019-12-02T01:06:32;true;../fake-data/blob/hipster.png;image/png;2019-12-02T02:21:09
2;DSQ;2019-12-02T07:49:07;true;../fake-data/blob/hipster.png;image/png;2019-12-02T04:26:07
3;DEMANDE;2019-12-02T18:45:44;false;../fake-data/blob/hipster.png;image/png;2019-12-01T22:57:54
4;DEMANDE;2019-12-02T00:47:06;true;../fake-data/blob/hipster.png;image/png;2019-12-02T03:41:39
5;DEMANDE;2019-12-02T09:22:29;false;../fake-data/blob/hipster.png;image/png;2019-12-02T03:19:35
6;DSQ;2019-12-02T19:44:25;true;../fake-data/blob/hipster.png;image/png;2019-12-02T02:51:31
7;DEMANDE;2019-12-02T03:44:20;true;../fake-data/blob/hipster.png;image/png;2019-12-02T06:58:29
8;DEMANDE;2019-12-02T07:02:52;false;../fake-data/blob/hipster.png;image/png;2019-12-01T22:19:52
9;DSQ;2019-12-02T11:21:46;false;../fake-data/blob/hipster.png;image/png;2019-12-02T00:09:44
10;DEMANDE;2019-12-02T14:42:39;true;../fake-data/blob/hipster.png;image/png;2019-12-02T09:17:44
